"PRODCOD","PRODDES","PRODPRE","TIPCOD","PRODSEX","PRODSTO","SUBTIPCOD","PRODSINI","PRODEST","PRODCOM","","","","","","","",""
"01","","381","F","","0","FF","79","I","P","","","","","","","",""
"02","CARO. HERRE 212 50 ML","381","F","FEMENINO","215","FF","-22","A","P","","","","","","","",""
"020","212 SEXI 50 ML","381","F","FEMENINO","272","FF","0","A","P","","","","","","","",""
"04","ANGEL 50 ML","381","F","FEMENINO","215","FF","83","A","P","","","","","","","",""
"05","CHANEL N 5 50 ML","381","F","FEMENINO","320","FF","40","A","P","","","","","","","",""
"07","CABOTINE 50 ML","381","F","FEMENINO","181","FF","209","A","P","","","","","","","",""
"08","ORGANZA 50 ML","381","F","FEMENINO","123","FF","158","A","P","","","","","","","",""
"080","C HERRERA 212 53 ML","241","I","FEMENINO","397","01","1120","A","P","","","","","","","",""
"081","CHANEL 53 ML","241","I","FEMENINO","441","01","826","A","P","","","","","","","",""
"083","KENZO FLOWER 53 ML","241","I","FEMENINO","533","01","1090","A","P","","","","","","","",""
"084","","241","I","FEMENINO","0","01","1050","I","P","","","","","","","",""
"085","VERY IRRESISTIBLE 53 ML","241","I","FEMENINO","289","01","848","A","P","","","","","","","",""
"086","C.H. 212 SEXI 53 ML","241","I","FEMENINO","320","01","819","A","P","","","","","","","",""
"087","","241","I","FEMENINO","0","01","837","A","P","","","","","","","",""
"088","","241","I","","0","01","824","A","P","","","","","","","",""
"089","EDEN 53 ML","241","I","FEMENINO","134","01","1223","A","P","","","","","","","",""
"09","","381","F","FEMENINO","0","FF","336","A","P","","","","","","","",""
"090","ORGANZA 53 ML","241","I","FEMENINO","160","01","1115","A","P","","","","","","","",""
"091","AMOR AMOR 53 ML","241","I","FEMENINO","244","01","410","A","P","","","","","","","",""
"092","","241","I","FEMENINO","0","01","1195","I","P","","","","","","","",""
"095","HALLOWEEN 53 ML","241","I","FEMENINO","170","01","717","A","P","","","","","","","",""
"098","ANGEL & DEMONIO 53 ML","241","I","FEMENINO","121","01","0","A","P","","","","","","","",""
"099","C.H. DE CAR HERRERA 53 ML","241","I","FEMENINO","168","01","0","A","P","","","","","","","",""
"10","KENZO FLOWERS 50 ML","381","F","FEMENINO","352","FF","81","A","P","","","","","","","",""
"11","","381","F","FEMENINO","0","FF","84","I","P","","","","","","","",""
"12","","381","F","FEMENINO","0","FF","216","A","P","","","","","","","",""
"13","","381","F","FEMENINO","0","FF","139","A","P","","","","","","","",""
"14","CAROLINA HERRERA 50 ML","381","F","FEMENINO","285","FF","-18","A","P","","","","","","","",""
"15","","381","F","FEMENINO","0","FF","214","A","P","","","","","","","",""
"16","EDEN 50 ML","381","F","FEMENINO","234","FF","121","A","P","","","","","","","",""
"18","AMOR AMOR 50 ML","381","F","FEMENINO","116","FF","0","A","P","","","","","","","",""
"19","","381","F","FEMENINO","0","FF","0","A","P","","","","","","","",""
"20","","381","F","MASCULINO","0","FM","158","I","P","","","","","","","",""
"200","IVA","0","L","","491","L","1345","A","P","","","","","","","",""
"201","ESTUCHE REGALO HOMBRE","300","K","MASCULINO","53","601","1364","A","P","","","","","","","",""
"21","CALVIN KLEIN ONE 50 ML","381","F","MASCULINO","253","FM","159","A","P","","","","","","","",""
"22","KENZO 50 ML","381","F","MASCULINO","345","FM","284","A","P","","","","","","","",""
"23","POLO SPORT 50 ML","381","F","MASCULINO","211","FM","112","A","P","","","","","","","",""
"24","","381","F","MASCULINO","0","FM","185","A","P","","","","","","","",""
"25","CARO HERRERA 212 50 ML","381","F","MASCULINO","315","FM","68","A","P","","","","","","","",""
"26","GIVENCHY GENTLEMANT 50 ML","381","F","MASCULINO","226","FM","45","A","P","","","","","","","",""
"27","","381","F","MASCULINO","0","FM","100","A","P","","","","","","","",""
"28","","381","F","MASCULINO","0","FM","164","I","P","","","","","","","",""
"29","","381","F","MASCULINO","0","FM","252","A","P","","","","","","","",""
"30","","381","F","MASCULINO","0","FM","284","A","P","","","","","","","",""
"31","CARO HERR.FOR MEN 50 ML","381","F","MASCULINO","156","FM","257","A","P","","","","","","","",""
"32","","381","F","MASCULINO","0","FM","188","A","P","","","","","","","",""
"33","","381","F","MASCULINO","0","FM","349","A","P","","","","","","","",""
"401","C.K.ONE 53 ML","241","I","MASCULINO","394","02","1108","A","P","","","","","","","",""
"402","KENZO 53 ML","241","I","MASCULINO","594","02","1377","A","P","","","","","","","",""
"403","CARR.HERRERA 212 53 ML","241","I","MASCULINO","253","02","1243","A","P","","","","","","","",""
"404","","241","I","MASCULINO","0","02","1383","I","P","","","","","","","",""
"407","GIVENCHI GENTLEMAN 53 ML","241","I","MASCULINO","220","02","1410","A","P","","","","","","","",""
"408","C.H.212 SEXI 53 ML","241","I","MASCULINO","211","02","1049","A","P","","","","","","","",""
"409","","241","I","MASCULINO","0","02","985","I","C","","","","","","","",""
"410","POLO BLACK 53 ML","241","I","MASCULINO","296","02","959","A","P","","","","","","","",""
"411","XS. BLCK 53 ML","241","I","MASCULINO","164","02","1439","A","P","","","","","","","",""
"412","POLO EXPLORER 53 ML","241","I","MASCULINO","292","02","0","A","P","","","","","","","",""
"49","WANTED AZARO","381","F","MASCULINO","276","FF","88","A","P","","","","","","","",""
"50","CREMA HIIDRATANTE FEMEN","1100","O","FEMENINO","84","FM1","-36","A","P","","","","","","","",""
"71","PARIS PERF.260 ML","166","H","","314","H","521","A","P","","","","","","","",""
"72","FLORES BLANCAS PER 260 ML","166","H","","819","H","1100","A","P","","","","","","","",""
"73","","166","H","","0","H","534","A","P","","","","","","","",""
"74","UVA PERFUMINA 260 ML","166","H","","460","H","509","A","P","","","","","","","",""
"75","EXOTICAL PERFUMINA 260 ML","166","H","","336","H","1254","A","P","","","","","","","",""
"76","VAINILLA PERFUMINA 260 ML","166","H","","284","H","604","A","P","","","","","","","",""
"77","","166","H","","0","H","257","A","P","","","","","","","",""
"78","SILVESTRE PERF 260 ML","166","H","","619","H","828","A","P","","","","","","","",""
"79","MARINA PERF 260 ML","166","H","","881","H","772","A","P","","","","","","","",""
"80","","166","H","","0","H","800","A","P","","","","","","","",""
"81","","166","H","FEMENINO","0","H","803","A","P","","","","","","","",""
"82","FLOR DE LIMON PERF 260","166","H","","209","H","1029","A","P","","","","","","","",""
"83","","166","H","","0","H","-12","A","P","","","","","","","",""
"84","","166","H","","0","H","-4","A","P","","","","","","","",""
"85","","166","H","","448","H","-2","A","P","","","","","","","",""
"86","MANAWA PERFUMINA 260 ML","166","H","FEMENINO","86","H","-1","A","P","","","","","","","",""
"87","","166","H","FEMENINO","0","H","-1","A","P","","","","","","","",""
"88","","166","H","FEMENINO","0","H","0","A","P","","","","","","","",""
"89","","166","H","FEMENINO","0","H","0","A","P","","","","","","","",""
"90","PAPAYA 250 ML PERF.","166","Z","FEMENINO","369","PER","-7","A","P","","","","","","","",""
"91","LIMON 250 ML PERFUMINA","166","Z","MASCULINO","320","PER","-9","A","P","","","","","","","",""
"92","FRUTOS ROJOS 250 ML PERFU","166","Z","MASCULINO","462","PER","-6","A","P","","","","","","","",""
"93","CHOCOLATE 250 ML PERFUM","166","Z","MASCULINO","415","PER","-14","A","P","","","","","","","",""
"94","ALMENDRA 250 ML PERFUMINA","166","Z","MASCULINO","448","PER","-8","A","P","","","","","","","",""
"95","BAMBU 250 ML PERFUMINA","166","Z","MASCULINO","362","PER","-2","A","P","","","","","","","",""
"96","COCO Y VAINILLA 250 ML PR","166","Z","MASCULINO","449","PER","-3","A","P","","","","","","","",""
"VALV D","","0","4","","0","ST","0","A","P","","","","","","","",""
"0100","XS BLACK 53 ML","241","I","FEMENINO","301","01","0","A","P","","","","","","","",""
"0101","","241","I","FEMENINO","0","01","0","I","P","","","","","","","",""
"0102","","241","I","FEMENINO","0","01","0","I","P","","","","","","","",""
"413","ONE MILLON 53 ML","241","I","MASCULINO","215","02","0","A","P","","","","","","","",""
"414","CH DE CAR. HERRERA 53 ML","241","I","MASCULINO","211","02","0","A","P","","","","","","","",""
"500","EXCITE EXCLUSIVA FEMENINA","942","R","","0","111","0","A","P","","","","","","","",""
"501","EXCITE EXCLUSIVA MASCUL.","942","R","","-16","111","0","A","P","","","","","","","",""
"E200","","0","G","","0","G","0","A","P","","","","","","","",""
"E201","","0","G","","0","G","0","A","P","","","","","","","",""
"E202","","0","G","","0","G","0","A","P","","","","","","","",""
"E203","","0","G","","0","G","0","A","P","","","","","","","",""
"E204","","0","G","","0","G","0","A","P","","","","","","","",""
"E205","","0","G","","0","G","0","A","P","","","","","","","",""
"E206","","0","G","","0","G","0","A","P","","","","","","","",""
"E207","","0","G","","0","G","0","A","P","","","","","","","",""
"E208","","0","G","","0","G","0","A","P","","","","","","","",""
"E209","","0","G","","0","G","0","A","P","","","","","","","",""
"021","NINA 50 ML","381","F","FEMENINO","259","FF","0","A","P","","","","","","","",""
"022","LADY MILLON 50 ML","381","F","FEMENINO","235","FF","0","A","P","","","","","","","",""
"023","SHAKIRA 50 ML","381","F","FEMENINO","206","FF","0","A","P","","","","","","","",""
"024","","381","F","","0","FF","0","A","P","","","","","","","",""
"36","","381","F","","0","FM","0","A","P","","","","","","","",""
"37","","381","F","","0","FM","0","A","P","","","","","","","",""
"38","","381","F","","0","FM","0","A","P","","","","","","","",""
"39","","381","F","","0","FM","0","A","P","","","","","","","",""
"0103","NINA 53 ML","241","I","FEMENINO","382","01","0","A","P","","","","","","","",""
"0104","LADY MILLON 53 ML","241","I","FEMENINO","73","01","0","A","P","","","","","","","",""
"0105","SHAKIRA 53 ML","241","I","FEMENINO","262","01","0","A","P","","","","","","","",""
"0106","","241","I","FEMENINO","0","01","0","I","P","","","","","","","",""
"415","","241","I","MASCULINO","0","02","0","I","P","","","","","","","",""
"416","","241","I","MASCULINO","0","02","0","I","P","","","","","","","",""
"417","","241","I","MASCULINO","0","02","0","I","P","","","","","","","",""
"418","","241","I","","0","02","0","I","P","","","","","","","",""
"E150","E. AROMATICO SKIP","39.9","A","","1","R","0","A","P","","","","","","","",""
"E151","E.AROMATICO HERBAL","39.9","A","","0","R","0","A","P","","","","","","","",""
"E152","E.AROMATICO NAQ. CHAMPA","39.9","A","","0","R","0","A","P","","","","","","","",""
"E153","E.AROMATICO BLUBERRI","39.9","A","","0","R","0","A","P","","","","","","","",""
"E154","E. AROMATICO SILVESTRE","46.9","A","","0","R","0","A","P","","","","","","","",""
"E155","E.AROMATICO LEMONFLOR","46.9","A","","0","R","0","A","P","","","","","","","",""
"E156","E.AROMATICO CITRICO","46.9","A","","0","R","0","A","P","","","","","","","",""
"E157","E.AROMATICO VAINILLA","46.9","A","","0","R","0","A","P","","","","","","","",""
"P100","","0","V","","0","611","0","I","P","","","","","","","",""
"P101","","0","V","","0","611","0","I","P","","","","","","","",""
"P102","","0","V","","0","611","0","I","P","","","","","","","",""
"P103","","0","V","","0","611","0","I","P","","","","","","","",""
"P104","","0","V","","0","611","0","A","P","","","","","","","",""
"025","","381","F","FEMENINO","0","FF","0","A","P","","","","","","","",""
"026","","381","F","","0","FF","0","A","P","","","","","","","",""
"027","","381","F","FEMENINO","0","FF","0","A","P","","","","","","","",""
"028","CH CARO, HERRERA 50 ML","381","F","FEMENINO","278","FF","0","A","P","","","","","","","",""
"40","VIP MEN 50 ML","381","F","MASCULINO","418","FM","0","A","P","","","","","","","",""
"41","","381","F","MASCULINO","0","FM","0","A","P","","","","","","","",""
"42","","381","F","MASCULINO","0","FM","0","A","P","","","","","","","",""
"43","ONE MILLON 50 ML","381","F","MASCULINO","476","FM","0","A","P","","","","","","","",""
"B01","","0","L","","4","BO","0","A","P","","","","","","","",""
"B03","","0","L","","0","BO","0","A","P","","","","","","","",""
"B02","","0","L","","0","BO","0","A","P","","","","","","","",""
"S01","SAHUMERIO LIMON 10 UNI","33.5","M","","218","FC","0","A","P","","","","","","","",""
"S02","SAHMERIO MIRRA 10 UNI","33.5","M","","247","FC","0","A","P","","","","","","","",""
"S03","SAHU PALO SANTO 10 UNI","33.5","M","","362","FC","0","A","P","","","","","","","",""
"S04","SAHUMERIO PATCHULLI 10 UI","33.5","M","","351","FC","0","A","P","","","","","","","",""
"S05","SAHUMERIO LAVANDA 10 UNI","33.5","M","","436","FC","0","A","P","","","","","","","",""
"S06","SAHU M D ORIENTE 10 UNI","33.5","M","","403","FC","0","A","P","","","","","","","",""
"S07","SAHUMERIO INCIENSO 10 UNI","33.5","M","","116","FC","0","A","P","","","","","","","",""
"E01","ESENCIA LAVANDA 10 ML","63","U","","376","ESE","0","A","P","","","","","","","",""
"E02","ESENCIA AZAAR 10 ML","63","U","","703","ESE","0","A","P","","","","","","","",""
"E03","ESENCIA PATCHOULI 10 ML","63","U","","853","ESE","0","A","P","","","","","","","",""
"E04","ESENCIA SANDALO 10 ML","63","U","","933","ESE","0","A","P","","","","","","","",""
"E05","ESENCIA TILO 10 ML","63","U","","393","ESE","0","A","P","","","","","","","",""
"E06","ESENCIA VERBENA 10 ML","63","U","","426","ESE","0","A","P","","","","","","","",""
"E07","ESENCIA MANDARINA 10 ML","63","U","","844","ESE","0","A","P","","","","","","","",""
"SP","","0","S","","0","S3","0","A","P","","","","","","","",""
"SL","SALES LIMON 200 ML","64","S","","113","S3","0","A","P","","","","","","","",""
"SF","","0","S","","0","S3","0","A","P","","","","","","","",""
"SC","SALES CHOCOLATE 250 ML","64","S","","82","S3","0","A","P","","","","","","","",""
"SA","","0","S","","-557","S3","0","A","P","","","","","","","",""
"SB","SALES BAMBU 250 ML","64","S","","29","S3","0","A","P","","","","","","","",""
"SCO","","0","S","","0","S3","0","A","P","","","","","","","",""
"A01","","0","T","","0","ESP","0","I","P","","","","","","","",""
"A02","","0","T","","0","ESP","0","I","P","","","","","","","",""
"A03","","0","T","","0","ESP","0","I","P","","","","","","","",""
"J01","JABON LIQ LIMON 200 ML","88","J","","308","JL","0","A","P","","","","","","","",""
"J02","JABON LIQ.SILVESTRE 200 M","88","J","","148","JL","0","A","P","","","","","","","",""
"J03","JAB DURAZ, Y F,BLAN 200","88","J","","446","JL","0","A","P","","","","","","","",""
"J04","JABON VAINILLA 200","88","J","","442","JL","0","A","P","","","","","","","",""
"J05","","88","J","","0","JL","0","I","P","","","","","","","",""
"J06","","88","J","","0","JL","0","A","P","","","","","","","",""
"J07","","88","J","","0","JL","0","A","P","","","","","","","",""
"60","","0","Q","","0","CC","0","A","P","","","","","","","",""
"61","LIMON CREMA CORPORAL","59.5","Q","","0","CC","0","A","P","","","","","","","",""
"62","","0","Q","","0","CC","0","A","P","","","","","","","",""
"63","CHOCOLATE CREMA CORPORAL","64.85","Q","","15","CC","0","A","P","","","","","","","",""
"64","","0","Q","","0","CC","0","A","P","","","","","","","",""
"65","","0","Q","","0","CC","0","A","P","","","","","","","",""
"66","MARIA CHER PERF. 260 ML","166","H","","487","H","0","A","P","","","","","","","",""
"E158","","0","A","","0","R","0","A","P","","","","","","","",""
"E159","","0","A","","0","R","0","A","P","","","","","","","",""
"E160","","0","A","","0","R","0","A","P","","","","","","","",""
"E161","","0","A","","0","R","0","A","P","","","","","","","",""
"E162","","0","A","","0","R","0","A","P","","","","","","","",""
"E163","","0","A","","0","R","0","A","P","","","","","","","",""
"E164","","0","A","","0","R","0","A","P","","","","","","","",""
"0107","","241","I","","0","01","0","I","P","","","","","","","",""
"0108","","241","I","FEMENINO","0","01","0","A","P","","","","","","","",""
"0109","","241","I","","0","01","0","I","P","","","","","","","",""
"419","VIP MEN 53 ML","241","I","MASCULINO","467","02","0","A","P","","","","","","","",""
"420","","241","I","MASCULINO","0","02","0","I","P","","","","","","","",""
"421","","241","I","MASCULINO","0","02","0","I","P","","","","","","","",""
"M01","","1100","O","","0","CM","0","A","P","","","","","","","",""
"M02","","1100","O","","0","CM","0","A","P","","","","","","","",""
"M03","","1100","O","","0","CM","0","A","P","","","","","","","",""
"CM01","CREMA DE MANO PAPAYA","11.9","C","","179","CM","0","A","P","","","","","","","",""
"CM02","CREMA DE MANO ALMENDRA","11.9","C","","189","CM","0","A","P","","","","","","","",""
"CM03","CREMA DE MANO COCO Y VAI","11.9","C","","177","CM","0","A","P","","","","","","","",""
"E300","EXTRACTO PAPAYA 200 ML","270","D","","179","EA","0","A","P","","","","","","","",""
"E301","EXTRACTO LIMON 200 ML","270","D","","55","EA","0","A","P","","","","","","","",""
"E302","EXTRACTO FRUTOS ROJOS 200","270","D","","189","EA","0","A","P","","","","","","","",""
"E303","EXTRACTO CHOCOLATE 200 ML","270","D","","195","EA","0","A","P","","","","","","","",""
"E304","EXTRACTO ALMENDRA 200 ML","270","D","","168","EA","0","A","P","","","","","","","",""
"E305","EXTRACTO BAMBU 200 ML","270","D","","159","EA","0","A","P","","","","","","","",""
"E306","EXT COCO Y VAIN 200 ML","270","D","","128","EA","0","A","P","","","","","","","",""
"2001","SILVESTRE PERFU 5 LITROS","2030","3","","445","A","0","A","P","","","","","","","",""
"2002","FLORES BLANCAS PER B 5","2030","3","","480","A","0","A","P","","","","","","","",""
"2003","MARINA PERFUMINA 5 L","2030","3","","250","A","0","A","P","","","","","","","",""
"2004","VAINILLA PERFUMINA 5 L","2030","3","","487","A","0","A","P","","","","","","","",""
"2005","LIMON PERFUMINA 5 L","2030","3","","179","A","0","A","P","","","","","","","",""
"2006","BAMBU PERFUMINA 5 L","2030","3","","200","A","0","A","P","","","","","","","",""
"2007","PAPAYA PERFUMINA 5 L","2030","3","","200","A","0","A","P","","","","","","","",""
"2008","FRUTILLA PERFUMINA 5 L","2030","3","","192","A","0","A","P","","","","","","","",""
"2009","FLORAL PERFUMINA 5 L","2030","3","","200","A","0","A","P","","","","","","","",""
"2020","SILVESTRE PERFUMINA","0","4","","500","B","0","A","P","","","","","","","",""
"2021","FLORES BLANCAS PER 10 L","0","4","","9","B","0","A","P","","","","","","","",""
"2070","NAG CHAMPA DIFUSOR 10L","77","6","","0","6","0","A","P","","","","","","","",""
"2071","SILVESTRE DIFUSOR 10 L","77","6","","0","6","0","A","P","","","","","","","",""
"2072","JASMIN DISFUSOR 10 L","77","6","","0","6","0","A","P","","","","","","","",""
"2073","FLORES BLANCAS DIFU 10 L","77","6","","0","6","0","A","P","","","","","","","",""
"2074","FLORAL","77","6","","0","6","0","A","P","","","","","","","",""
"2075","FRUTOS ROJOS DIFU 10 L","77","6","","0","6","0","A","P","","","","","","","",""
"2076","LIMON DIFUSOR 10 L","77","6","","0","6","0","A","P","","","","","","","",""
"2077","VAINILLA DIFU 10 L","77","6","","0","6","0","A","P","","","","","","","",""
"2078","MARINA DIFUSOR 10 L","77","6","","0","6","0","A","P","","","","","","","",""
"2079","POMELO ROSADO DIFU 10 L","77","6","","0","6","0","A","P","","","","","","","",""
"2050","NAG CHAMPA DIFUSOR 2 L","2206.8","5","","310","BID","0","A","P","","","","","","","",""
"2051","SILVESTRE DISFUSOR 2","2206.8","5","","410","BID","0","A","P","","","","","","","",""
"2052","JASMIN DISFUSOR 2 L","2206.8","5","","187","BID","0","A","P","","","","","","","",""
"2053","FLORES BLANCAS DIFU 5 L","2206.8","5","","200","BID","0","A","P","","","","","","","",""
"2054","FLORAL DIFUSOR 5 L","2206.8","5","","99","5","0","A","P","","","","","","","",""
"2055","FRUTOS ROJOS 5 L","2206.8","5","","97","5","0","A","P","","","","","","","",""
"2056","LIMON DIFUSOR 5 L","2206.8","5","","100","5","0","A","P","","","","","","","",""
"2057","VAINILLA DIFUSOR 5 L","2206.8","5","","7","5","0","A","P","","","","","","","",""
"2058","MARINA DIFUSOR 5 L","2206.8","5","","10","5","0","A","P","","","","","","","",""
"2059","POMELO ROSADO DIFUSOR 5","2206.8","5","","10","5","0","A","P","","","","","","","",""
"1000","CAROLINA HERRERA 212","0","E","","37","EF","0","A","P","","","","","","","",""
"1001","CHANEL 5","0","E","","49","EF","0","A","P","","","","","","","",""
"1002","KENZO FLOWER","0","E","","20","EF","0","A","P","","","","","","","",""
"1003","212 SEXI","0","E","","0","EF","0","A","P","","","","","","","",""
"1004","EDEN","0","E","","18","EF","0","A","P","","","","","","","",""
"1005","AMOR AMOR","0","E","","50","EF","0","A","P","","","","","","","",""
"1006","HALLOWEN","0","E","","50","EF","0","A","P","","","","","","","",""
"1007","CH DE CAROLINA HERRERA","0","E","","20","EF","0","A","P","","","","","","","",""
"1008","NINA","0","E","","0","EF","0","A","P","","","","","","","",""
"1009","LADY MILLON","0","E","","50","EF","0","A","P","","","","","","","",""
"1010","SHAKIRA","0","E","","20","EF","0","A","P","","","","","","","",""
"1011","FANTASY","0","E","","20","EF","0","A","P","","","","","","","",""
"1100","CK ONE","0","E","","48","EF","0","A","P","","","","","","","",""
"1101","KENZO","0","E","","49","EM","0","A","P","","","","","","","",""
"1102","CAROLINA HERRERA 212","0","E","","27","EM","0","A","P","","","","","","","",""
"1103","ACQUA DI GIO","0","E","","49","EM","0","A","P","","","","","","","",""
"1104","POLO BLACK","0","E","","30","EM","0","A","P","","","","","","","",""
"1105","ONE MILLON","0","E","","50","EM","0","A","P","","","","","","","",""
"1106","212 VIP MEN","0","E","","30","EM","0","A","P","","","","","","","",""
"1107","BLUE SEDUCTION","0","E","","50","EM","0","A","P","","","","","","","",""
"1070","SILVESTRE 250 EX","0","7","","51","05","0","A","P","","","","","","","",""
"1071","PERFUMI EX FLORES BLANC","0","7","","99","05","0","A","P","","","","","","","",""
"1072","PERFUMINA EX  MARINA","0","7","","153","05","0","A","P","","","","","","","",""
"1073","PERFUMINA EX VAINILLA","0","7","","138","05","0","A","P","","","","","","","",""
"1074","PERFUMINA EX LIMON","0","7","","107","05","0","A","P","","","","","","","",""
"1075","PERFUMINA EX BAMBU","0","7","","152","05","0","A","P","","","","","","","",""
"1076","PERFUMINA EX PAPAYA","0","7","","157","05","0","A","P","","","","","","","",""
"1077","PERFUMINA EX FRUTOS ROJO","0","7","","163","05","0","A","P","","","","","","","",""
"1078","PERFUMINA EX FLORAL","0","7","","151","05","0","A","P","","","","","","","",""
"1079","PERFUMINA EX FLORES AMA","0","7","","0","05","0","A","P","","","","","","","",""
"1200","DIFUSOR NAQ CHAMPA 100 ML","175","8","","197","06","0","A","C","","","","","","","",""
"1201","DIFUSOR SILVESTRE 100 ML","175","8","","577","06","0","A","P","","","","","","","",""
"1202","DIFUSOR JASMIN 100 ML","175","8","","137","06","0","A","P","","","","","","","",""
"1203","DIFUSOR FLO BLANCA 100 ML","175","8","","109","06","0","A","P","","","","","","","",""
"1204","DIFUSOR FLORAL 100 ML","175","8","","285","06","0","A","P","","","","","","","",""
"1205","DIF. SEDUCTION","175","8","","472","06","0","A","P","","","","","","","",""
"1206","LIMON DIFU 100 ML","175","8","","810","06","0","A","P","","","","","","","",""
"1207","DIF VAINILLA 100 ML","175","8","","113","06","0","A","C","","","","","","","",""
"1208","DIF. MARINA 100 ML","175","8","","929","06","0","A","P","","","","","","","",""
"1209","","175","8","","0","06","0","A","P","","","","","","","",""
"2010","FLORES AMARILLAS","2030","3","","200","A","0","A","P","","","","","","","",""
"BOLSAS","BOLSAS","130","9","","700","BO","0","A","P","","","","","","","",""
"LL","LIMPIA LENTES 50 ML","56","1","","883","LL","0","A","P","","","","","","","",""
"LP","LIMPIA PANTALLAS 200 ML","81","2","","269","LP","0","A","P","","","","","","","",""
"0110","LA VIDA ES BELLA 53 ML","241","I","FEMENINO","529","01","0","A","P","","","","","","","",""
"0111","SI 53 ML","241","I","FEMENINO","191","01","0","A","P","","","","","","","",""
"029","LA VIDA ES BELLA 50 ML","381","F","FEMENINO","478","FF","0","A","P","","","","","","","",""
"030","SI 50 ML","381","F","FEMENINO","293","FF","0","A","P","","","","","","","",""
"B04","","0","L","","0","BO","0","A","P","","","","","","","",""
"199","OCA","1","0","","7487","199","0","A","P","","","","","","","",""
"900","","80","B","","0","900","0","A","P","","","","","","","",""
"901","","80","B","","0","901","0","A","P","","","","","","","",""
"902","","80","B","","0","902","0","A","P","","","","","","","",""
"903","","80","B","","0","903","0","A","P","","","","","","","",""
"E08","ENS NARANJA GENJIBRE 10 M","63","U","","683","ESE","0","A","C","","","","","","","",""
"E09","ESENCIA MAGNOLIA 10 ML","63","U","","948","ESE","0","A","P","","","","","","","",""
"E10","ESEN POME VAINILLA 10 ML","63","U","","244","ESE","0","A","P","","","","","","","",""
"E11","ESEN CIRUELA DURAZNO 10 M","63","U","","403","ESE","0","A","P","","","","","","","",""
"E12","ESENCIA NAG CHAMPA 10 ML","63","U","","734","ESE","0","A","P","","","","","","","",""
"E13","ESENCIA PAPAYA 10 ML","63","U","","931","ESE","0","A","P","","","","","","","",""
"E15","ESEN,LIMON 10 ML","63","U","","875","ESE","0","A","P","","","","","","","",""
"E16","ESENCIA FRUTOS ROJOS 10 M","63","U","","943","ESE","0","A","P","","","","","","","",""
"E17","ESEN,ALMENDRA 10 ML","63","U","","949","ESE","0","A","P","","","","","","","",""
"E18","ESENCIA BAMBU 10 ML","63","U","","951","ESE","0","A","P","","","","","","","",""
"E19","ESEN COCO Y VAINI 10 ML","63","U","","686","ESE","0","A","P","","","","","","","",""
"E20","ESENCIA JAZMIN 10 ML","63","U","","923","ESE","0","A","P","","","","","","","",""
"A04","","0","T","","0","ESP","0","I","P","","","","","","","",""
"A05","","0","T","","0","ESP","0","I","P","","","","","","","",""
"A06","","0","T","","0","ESP","0","I","P","","","","","","","",""
"A07","","0","T","","0","ESP","0","I","P","","","","","","","",""
"A08","","0","T","","0","ESP","0","I","P","","","","","","","",""
"A09","","0","T","","0","ESP","0","I","P","","","","","","","",""
"E21","","63","U","","0","ESE","0","A","P","","","","","","","",""
"JX5","JABON LIQUIDO 5 LITROS","942","R","","485","JX5","0","A","P","","","","","","","",""
"904","","80","B","","0","904","0","A","P","","","","","","","",""
"905","","80","B","","0","905","0","A","P","","","","","","","",""
"97","NAQ CHAMPA PERF 260 ML","166","H","","804","H","0","A","P","","","","","","","",""
"98","","166","H","","0","H","0","A","P","","","","","","","",""
"99","SEDUCTION PERF 260 ML","166","H","","140","H","0","A","P","","","","","","","",""
"100","LINA PERFUMINA 260 ML","166","H","","495","H","0","A","P","","","","","","","",""
"101","BUBBLEGUM PERFUMINA 260 M","166","H","","476","H","0","A","P","","","","","","","",""
"102","LAVANDA PERFUMINA 260 ML","166","H","","213","H","0","A","P","","","","","","","",""
"103","JASMIN 260 ML","166","H","","145","H","0","A","P","","","","","","","",""
"104","NARA DULCE PERF 260 ML","166","H","","196","H","0","A","P","","","","","","","",""
"105","NAR JENG PERFUM 260 ML","166","H","","173","H","0","A","P","","","","","","","",""
"1210","SEDUCTIOM 100 ML","175","8","","906","06","0","A","P","","","","","","","",""
"106","","166","H","","0","H","0","A","P","","","","","","","",""
"107","","166","H","","0","H","0","A","P","","","","","","","",""
"108","VAIN Y CANE PERF 260 ML","166","H","","485","H","0","A","P","","","","","","","",""
"109","","166","H","","0","H","0","A","P","","","","","","","",""
"110","BAMBU PERFUMINA 260 ML","166","H","","865","H","0","A","P","","","","","","","",""
"111","FLORES AMARIL PERF 260 ML","166","H","","909","H","0","A","P","","","","","","","",""
"112","PAPAYA PERFUMINA 260 ML","166","H","","279","H","0","A","P","","","","","","","",""
"113","","166","H","","0","H","0","A","P","","","","","","","",""
"44","INVICTUS 50 ML","381","F","MASCULINO","424","FM","0","A","P","","","","","","","",""
"422","INVICTUS 53 ML","241","I","MASCULINO","461","02","0","A","P","","","","","","","",""
"1211","","175","8","","0","06","0","A","P","","","","","","","",""
"1212","DIF. NARAN Y MANDAR 100 L","175","8","","279","06","0","A","P","","","","","","","",""
"1213","DIFUSOR PETIT INFA 100 ML","175","8","","128","06","0","A","P","","","","","","","",""
"1214","","175","8","","0","06","0","A","P","","","","","","","",""
"1215","DIF FLOR Y PERAS 100 ML","175","8","","295","06","0","A","P","","","","","","","",""
"1216","DIFUSOR LINA 100 ML","175","8","","258","06","0","A","P","","","","","","","",""
"1217","","175","8","","0","06","0","A","P","","","","","","","",""
"1218","DIFUSOR BUBBLEGUM 100 ML","175","8","","272","06","0","A","P","","","","","","","",""
"114","PETIT INFANTE PERF 260 ML","166","H","","791","H","0","A","P","","","","","","","",""
"1900","AUTO LIMON 50 ML","80","B","","202","AUT","0","A","P","","","","","","","",""
"1901","AUTO POLO SPORT 50 ML","80","B","","250","AUT","0","A","P","","","","","","","",""
"1902","AUTO ONE MILLON 50 ML","80","B","","351","AUT","0","A","P","","","","","","","",""
"1903","AUTO SABRINA 50 ML","80","B","","320","AUT","0","A","P","","","","","","","",""
"1904","AUTO VAINILLA 50 ML","80","B","","335","AUT","0","A","P","","","","","","","",""
"1905","AUTO DAVIDOOF 50 ML","80","B","","315","AUT","0","A","P","","","","","","","",""
"1950","NARANJA PIMIENTA BODY 112","92","E","","334","BS","0","A","P","","","","","","","",""
"1951","BODY SPLAST ROMANTIC 112","92","E","","399","BS","0","A","P","","","","","","","",""
"1952","TILO SECRET BODY 112 ML","92","E","","389","BS","0","A","P","","","","","","","",""
"1953","FRUTOS ROJOS BODY 112 ML","92","E","","437","BS","0","A","P","","","","","","","",""
"3000","PERF, MASCOTA POLO","73","G","","324","G","0","A","P","","","","","","","",""
"3001","PERF,MASCOTA LADY","73","G","","320","G","0","A","P","","","","","","","",""
"3003","PERF, MASCOTA PUPPYS","73","G","","132","G","0","A","P","","","","","","","",""
"3002","PERF,MASCOTA PETIT INF,","73","G","","228","G","0","A","P","","","","","","","",""
"202","DESCUENTO 10%","300","K","","453","602","0","A","P","","","","","","","",""
"BIDON","BIDON CON CANILLA","0","4","","195","BI","0","A","P","","","","","","","",""
"600","ACEITE MAS NEUTRO 200 ML","148","V","","66","610","0","A","P","","","","","","","",""
"601","ACEITE MAS MENTA 200 ML","148","V","","193","611","0","A","P","","","","","","","",""
"APA","APARATOS","2206.8","5","","268","APA","0","A","P","","","","","","","",""
"300","GEL DUCHA BAMBU 125 ML","82","A","","179","GEL","0","A","P","","","","","","","",""
"301","GEL DUC FLO BLAN 125 ML","82","A","","158","GEL","0","A","P","","","","","","","",""
"302","GEL DU FRU D BOS 125 ML","82","A","","227","GEL","0","A","P","","","","","","","",""
"303","GEL DU NARA MANGO 125  ML","82","A","","257","GEL","0","A","P","","","","","","","",""
"310","ESPUMA BA�O BAMBU 250 ML","76","T","","122","ESP","0","A","P","","","","","","","",""
"311","ESPUMA BA�O FLORES BLAN","76","T","","166","ESP","0","A","P","","","","","","","",""
"312","ESPUMA BA�O FRUTOS ROJOS","76","T","","182","ESP","0","A","P","","","","","","","",""
"313","ESPUMA BA�O NARANJA MANGO","76","T","","215","ESP","0","A","P","","","","","","","",""
"320","ESPUMA BA�O BAMBU 500 ML","129","4","","213","ESP","0","A","P","","","","","","","",""
"321","ESPUMA BA�O FLORES B.500M","129","4","","366","ESP","0","A","P","","","","","","","",""
"322","ESPUMA FRUTOS ROJOS 500 M","129","4","","361","ESP","0","A","P","","","","","","","",""
"323","ESP.BA�O NARAN MANG 500M","129","4","","383","ESP","0","A","P","","","","","","","",""
"FLETE","FLETE","130","9","","1000","FLE","0","A","P","","","","","","","",""
"0112","","241","I","FEMENINO","0","01","0","I","P","","","","","","","",""
"031","","381","F","FEMENINO","0","FF","0","A","P","","","","","","","",""
"650","AEROSOL LIMON 270 ML","138.5","P","","794","AER","0","A","P","","","","","","","",""
"651","AEROSOL FLORES BLAN.270ML","138.5","P","","942","AER","0","A","P","","","","","","","",""
"652","AEROSOL CHICLE 270 ML","138.5","P","","421","AER","0","A","P","","","","","","","",""
"653","AEROSOL VAINILLA 270 ML","138.5","P","","141","AER","0","A","P","","","","","","","",""
"654","AEROSOL CONI 270 ML","138.5","P","","836","AER","0","A","P","","","","","","","",""
"655","AEROSOL MILLON 270 ML","138.5","P","","434","AER","0","A","P","","","","","","","",""
"656","AEROSOL VERBENA 270 ML","138.5","P","","710","AER","0","A","P","","","","","","","",""
"657","AEROSOL PETIT 270 ML","138.5","P","","856","AER","0","A","P","","","","","","","",""
"658","AEROSOL TE VERDE 270 ML","138.5","P","","304","AER","0","A","P","","","","","","","",""
"659","AEROSOL NINA 270 ML","138.5","P","","-3","AER","0","A","P","","","","","","","",""
"660","AEROSOL CITRUS 270 ML","138.5","P","","257","AER","0","A","P","","","","","","","",""
"661","AEROSOL UVA 270 ML","138.5","P","","625","AER","0","A","P","","","","","","","",""
"662","AEROSOL COCO Y VAIN. 270","138.5","P","","988","AER","0","A","P","","","","","","","",""
"663","AEROSOL PAULA 270 ML","138.5","P","","300","AER","0","A","P","","","","","","","",""
"664","AEROSOL JAZMIN 270 ML","138.5","P","","335","AER","0","A","P","","","","","","","",""
"115","GRANADA POMELO PER 260 ML","166","H","","317","H","0","A","P","","","","","","","",""
"116","TE VERDE PERFUMINA 260 ML","166","H","","6","H","0","A","P","","","","","","","",""
"117","SANDIA PEPINO PERF 260 ML","166","H","","140","H","0","A","P","","","","","","","",""
"118","COCO Y VAINILLA PERF 260","166","H","","467","H","0","A","P","","","","","","","",""
"665","AEROSOL ORIENTAL 270 ML","138.5","P","","1070","AER","0","A","P","","","","","","","",""
"666","AEROSOLES PAPAYA 270 ML","138.5","P","","270","AER","0","A","P","","","","","","","",""
"1219","DIF GRAN Y POMELO 100 ML","175","8","","150","06","0","A","P","","","","","","","",""
"1220","DIFUSOR TE VERDE 100 ML","175","8","","281","06","0","A","P","","","","","","","",""
"1221","DIFU SANDIA Y PEPINO 100","175","8","","159","06","0","A","P","","","","","","","",""
"1222","DIFUSOR NARA DULCE 100 ML","175","8","","97","06","0","A","P","","","","","","","",""
"1223","","175","8","","0","06","0","A","P","","","","","","","",""
"1224","DIFU COCO Y VAINILLA 100","175","8","","859","06","0","A","P","","","","","","","",""
"APARATO","EQUIPOS  AEROSOLES","415","7","","0","APA","0","A","P","","","","","","","",""
"119","","166","H","","0","H","0","A","P","","","","","","","",""
"120","ALERCE PERFUMINA 260 ML","166","H","","216","H","0","A","P","","","","","","","",""
"667","AEROSOL PINK 270 ML","138.5","P","","342","AER","0","A","P","","","","","","","",""
"668","AEROSOL AMOUR 270 ML","138.5","P","","0","AER","0","A","P","","","","","","","",""
"669","AERO. CARI DE ANGEL 270 M","138.5","P","","440","AER","0","A","P","","","","","","","",""
"670","AEROSOL SHOPPING 270 ML","138.5","P","","191","AER","0","A","P","","","","","","","",""
"671","AEROSOL LAVANDA  270 ML","138.5","P","","367","AER","0","A","P","","","","","","","",""
"ER50","ESENCIA REL LAVANDA 10 ML","33.5","C","","1","ER","0","A","P","","","","","","","",""
"ER51","ESENC,RELAJ, AZAR 10 ML","33.5","C","","192","ER","0","A","P","","","","","","","",""
"ER52","ESEN,RELAJ, PATCHOULI 10","33.5","C","","334","ER","0","A","P","","","","","","","",""
"ER53","ESEN, RELAJ,SANDALO 10 ML","33.5","C","","203","ER","0","A","P","","","","","","","",""
"ER54","ESEN ,RELAJ, TILO 10 ML","33.5","C","","315","ER","0","A","P","","","","","","","",""
"E55","ESEN,RELAJ, VERBENA","11.5","C","","496","ER","0","A","P","","","","","","","",""
"ER56","ESEN, NARAN, GENJ 10 ML","33.5","C","","362","ER","0","A","P","","","","","","","",""
"ER57","ES, REL,CIRUE, DURA 10 ML","33.5","C","","440","ER","0","A","P","","","","","","","",""
"ER58","ESEN,RELA,NAG CHAMP,10 ML","33.5","C","","431","ER","0","A","P","","","","","","","",""
"ER59","ES,REL,FRUTOS ROJ 10 ML","33.5","C","","293","ER","0","A","P","","","","","","","",""
"121","NINA PERFUMINA 260 ML","166","H","","476","H","0","A","P","","","","","","","",""
"122","PAULA PERFUMINA 260 ML","166","H","","172","H","0","A","P","","","","","","","",""
"123","ALBAHACA LIMON PER 260 ML","166","H","","484","H","0","A","P","","","","","","","",""
"124","NARDO","166","H","","314","H","0","A","P","","","","","","","",""
"672","AEROSOL ETI.NEGRA 270 ML","138.5","P","","329","AER","0","A","P","","","","","","","",""
"1225","","175","8","","0","06","0","A","P","","","","","","","",""
"0113","PAULA 53 ML","241","I","FEMENINO","192","01","0","A","P","","","","","","","",""
"198","ARANDANOS PERF,260 ML","166","H","","235","H","0","A","P","","","","","","","",""
"1226","DIFUSOR PAPAYA 100 ML","175","8","","151","06","0","A","P","","","","","","","",""
"050","COLONIA NUBECITA 112 ML","115","N","","115","N","0","A","P","","","","","","","",""
"051","COLONIA ARCOIRIS 112 ML","115","N","","163","N","0","A","P","","","","","","","",""
"1250","FRUTA BOMBA DIFU 100 ML","175","�","","954","�","0","A","P","","","","","","","",""
"1251","PIMI NARAN DIFU 100 ML","175","�","","944","�","0","A","P","","","","","","","",""
"1253","MANGO Y MARA DIFU 100 ML","175","�","","949","�","0","A","P","","","","","","","",""
"1254","VERB, LIMON DIFU 100 ML","175","�","","680","�","0","A","P","","","","","","","",""
"1255","CITRUS DIFU 100 ML","175","�","","913","�","0","A","P","","","","","","","",""
"196","DEDITOS PERFUMINA 260 ML","166","H","MASCULINO","486","H","0","A","P","","","","","","","",""
"1252","UVA CARAMELO DIFU 100 ML","175","�","","935","�","0","A","P","","","","","","","",""
"190","FRUTA BOMBA PERF 260 ML","166","H","","150","H","0","A","P","","","","","","","",""
"191","PIMIENTA +NARANJA PERFUMI","166","H","","140","H","0","A","P","","","","","","","",""
"192","UVA CARAMELO PER 260 ML","166","H","","144","H","0","A","P","","","","","","","",""
"193","MANGO + MARACUYA PER.260","166","H","","482","H","0","A","P","","","","","","","",""
"194","VERBENA LIMONERA PERFUMI","166","H","","901","H","0","A","P","","","","","","","",""
"195","CITRUS PERF 260 ML","166","H","","167","H","0","A","P","","","","","","","",""
"423","POLO RED 53 ML","241","I","MASCULINO","179","02","0","A","P","","","","","","","",""
"424","212 WIL PARTY 53 ML","241","I","MASCULINO","177","02","0","A","P","","","","","","","",""
"0114","OLIMPIA 53 ML","241","I","FEMENINO","403","01","0","A","P","","","","","","","",""
"0115","GOOD GIRL 53 ML","241","I","FEMENINO","235","01","0","A","P","","","","","","","",""
"0116","LUNA 53 ML","241","I","FEMENINO","85","01","0","A","P","","","","","","","",""
"032","OLIMPIA 50 ML","381","F","FEMENINO","358","FF","0","A","P","","","","","","","",""
"033","GOOD GIRL 50 ML","381","F","FEMENINO","241","FF","0","A","P","","","","","","","",""
"034","LUNA 50 ML","381","F","FEMENINO","152","FF","0","A","P","","","","","","","",""
"45","","381","F","MASCULINO","0","FM","0","A","C","","","","","","","",""
"46","212 WID PARTY 50 ML","381","F","MASCULINO","206","FM","0","A","P","","","","","","","",""
"197","NARANJA MANDARINA 260 ML","166","H","","287","H","0","A","P","","","","","","","",""
"035","","381","F","FEMENINO","0","FF","0","A","P","","","","","","","",""
"47","PURE XS 50 ML","381","F","MASCULINO","197","FM","0","A","P","","","","","","","",""
"0117","","241","I","FEMENINO","0","01","0","I","P","","","","","","","",""
"425","PURE EXCESS FRAG 53 ML","241","I","MASCULINO","30","02","0","A","P","","","","","","","",""
"673","AEROSOL FLOWER 270 ML","138.5","P","","341","AER","0","A","P","","","","","","","",""
"674","AEROSOL DANIELS 270 ML","138.5","P","","696","AER","0","A","P","","","","","","","",""
"675","AEROSOL SANDIA PEPI.270 L","138.5","P","","643","AER","0","A","P","","","","","","","",""
"ALCOHOL","ALCOHOL","50","K","","20","600","0","A","P","","","","","","","",""
"ESENCIA","ESENCIA PURA 1/2 KILO","1100","O","","33","CM","0","A","P","","","","","","","",""
"SFB","SALES FLORES BLANCAS 200","64","S","","389","S3","0","A","P","","","","","","","",""
"SFR","SALES FRUTOS BOSQUE 200","64","S","","395","S3","0","A","P","","","","","","","",""
"SV","SALES VERBENA 200 ML","64","S","","172","S3","0","A","P","","","","","","","",""
"SS","SALES SIVESTRE 200 ML","64","S","","169","S3","0","A","P","","","","","","","",""
"LPAN","LIMPIA PANTALLA 60 ML","81","2","","0","LL","0","A","P","","","","","","","",""
"125","VAINILLA CARAMELO","166","H","","491","H","0","A","P","","","","","","","",""
"126","ANANA-POMELO","166","H","","119","H","0","A","P","","","","","","","",""
"ER55","ESN REL. VERBENA 10 ML","33.5","C","","449","ER","0","A","P","","","","","","","",""
"272","REPUES. FLORES BLANCAS","130","9","","245","PER","0","A","P","","","","","","","",""
"274","REPUESTO UVA","130","9","","414","PER","0","A","P","","","","","","","",""
"275","REPUESTO PERFUMINA","130","9","","485","PER","0","A","P","","","","","","","",""
"276","REPUESTO VAINILLA","130","9","","491","PER","0","A","P","","","","","","","",""
"278","REPUESTO SILVESTRE","130","9","","356","PER","0","A","P","","","","","","","",""
"279","REPUESTO MARINA","130","9","","389","PER","0","A","P","","","","","","","",""
"282","REPUESTO FLOR DE LIMON","130","9","","462","PER","0","A","P","","","","","","","",""
"286","REPUESTO MANAWA","130","9","","487","PER","0","A","P","","","","","","","",""
"297","REPUESTO NAG CHAMPA","130","9","","442","PER","0","A","P","","","","","","","",""
"299","REPUESTO SEDUCTION","130","9","","489","PER","0","A","P","","","","","","","",""
"2100","REPUESTO LINA","130","9","","484","PER","0","A","P","","","","","","","",""
"2101","REPUESTO BUBBLEGUM","130","9","","480","PER","0","A","P","","","","","","","",""
"2102","REPUESTO LAVANDA","130","9","","478","PER","0","A","P","","","","","","","",""
"2103","REPUESTO JASMIN","130","9","","493","PER","0","A","P","","","","","","","",""
"2104","REPUESTO NARANJA DULCE","130","9","","483","PER","0","A","P","","","","","","","",""
"2105","REPUESTO NARANJA GENGIBRE","130","9","","491","PER","0","A","P","","","","","","","",""
"2108","REPUESTO VAINILLA Y CANE","130","9","","481","PER","0","A","P","","","","","","","",""
"2110","REPUESTO BAMBU","130","9","","489","PER","0","A","P","","","","","","","",""
"2111","REPUESTO FLORE AMARILLAS","130","9","","490","PER","0","A","P","","","","","","","",""
"2112","REPUESTO PAPAYA","130","9","","463","PER","0","A","P","","","","","","","",""
"2114","REPUESTO PETIT INFANTE","130","9","","431","PER","0","A","P","","","","","","","",""
"2115","REPUESTO GRANADA & POME","130","9","","499","PER","0","A","P","","","","","","","",""
"2116","REPUESTO TE VERDE","130","9","","446","PER","0","A","P","","","","","","","",""
"2117","REPUESTO SANDIA & PEPINO","130","9","","482","PER","0","A","P","","","","","","","",""
"2118","REPUESTO COCO & VAINILLA","130","9","","496","PER","0","A","P","","","","","","","",""
"2120","REPEUSTO ALERCE","130","9","","469","PER","0","A","P","","","","","","","",""
"2121","REPUESTO NINA","130","9","","486","PER","0","A","P","","","","","","","",""
"2122","REPUESTO PAULA","130","9","","470","PER","0","A","P","","","","","","","",""
"2123","REPUESTO ALBAHACA Y LIMON","130","9","","491","PER","0","A","P","","","","","","","",""
"2124","REPUESTO NARDO","130","9","","493","PER","0","A","P","","","","","","","",""
"2190","REPUESTO FRUTA BOMBA","130","9","","488","PER","0","A","P","","","","","","","",""
"2191","REPUESTO PIMIENTA NARANJA","130","9","","492","PER","0","A","P","","","","","","","",""
"2192","REPUESTO UVA CARAMELO","130","9","","487","PER","0","A","P","","","","","","","",""
"2193","REPUESTO MANGO +MARACUYA","130","9","","496","PER","0","A","P","","","","","","","",""
"2194","REPUESTO VERBENA LIMONERO","130","9","","438","PER","0","A","P","","","","","","","",""
"2195","REPUESTO CITRUS","130","9","","465","PER","0","A","P","","","","","","","",""
"3196","REPUESTO DEDITOS","130","9","","500","PER","0","A","P","","","","","","","",""
"2196","REPUESTO DEDITOS","130","9","","461","PER","0","A","P","","","","","","","",""
"2197","REPUESTO NARAN MANDARINA","130","9","","490","PER","0","A","P","","","","","","","",""
"2198","REPUESTO ARANDANO","130","9","","481","PER","0","A","P","","","","","","","",""
"2125","REPUESTO VAINILLA CARAMEL","130","9","","492","PER","0","A","P","","","","","","","",""
"2126","REPUESTO ANANA POMELO","130","9","","496","PER","0","A","P","","","","","","","",""
"036","SCANDAL JEAN P.GAULTIER 5","381","F","","381","FF","0","A","P","","","","","","","",""
"037","INTERDIT GIVENCHI 50 ML","381","F","","404","FF","0","A","P","","","","","","","",""
"038","BLOOM GUCCI 50 ML","381","F","","330","FF","0","A","P","","","","","","","",""
"48","ALLURRE CHANEL","381","F","","410","FF","0","A","P","","","","","","","",""
"67","VAINILLA+ORQUIDIA 260 ML","166","H","","227","H","0","A","P","","","","","","","",""
"68","DURAZNO+PAPAYA PERF. 260","166","H","","262","H","0","A","P","","","","","","","",""
"69","TILO+BAMBU PERF .260 ML","166","H","","302","H","0","A","P","","","","","","","",""
"70","TE VERDE PEPINO PER.260","166","H","","324","H","0","A","P","","","","","","","",""
"0118","SCANDALL 53 ML","241","I","FEMENINO","175","01","0","A","P","","","","","","","",""
"0119","L;INTERDIT 53 ML","241","I","FEMENINO","199","01","0","A","P","","","","","","","",""
"0120","BLUUM  53 ML","241","I","FEMENINO","225","01","0","A","P","","","","","","","",""
"426","ALLURE 53 ML","241","I","MASCULINO","196","01","0","A","P","","","","","","","",""
"427","WANTTED","241","I","MASCULINO","187","01","0","A","P","","","","","","","",""
"269","TILO BAMBU RESPU 260 ML","130","9","","398","PER","0","A","P","","","","","","","",""
"270","TE VERDE+PEPINO RESP.260","130","9","","428","PER","0","A","P","","","","","","","",""
"271","PARIS","130","9","","471","PER","0","A","P","","","","","","","",""
"505","ALCO GEL 200ML C/T CIEGA","1100","O","","253","ALC","0","A","P","","","","","","","",""
"2099","BIDON 5 LI ALCOHOL","1100","O","","4261","ALC","0","A","P","","","","","","","",""
"BAR","TAPA BOCAS","1100","O","","29700","ALC","0","A","P","","","","","","","",""
"ENV","ENVASES 1/2 Y 1 LITRO","1100","O","","6206","ENV","0","A","P","","","","","","","",""
"506","ALCO EN GEL C/TA FLIT","1100","O","","605","ALC","0","A","P","","","","","","","",""
"507","SANITIZANTE 60 ML","1100","O","","963","SAN","0","A","P","","","","","","","",""
"508","SANITIZANTE 200ML","1100","O","","780","SAN","0","A","P","","","","","","","",""
"509","SANITIZANTE 5 LITROS","1100","O","","401","SAN","0","A","P","","","","","","","",""
"510","SANITIZANTE 500 ML C/G","1100","O","","859","SAN","0","A","P","","","","","","","",""
"502","ALC.EN GEL 1/2 LITRO","1100","O","","100","ALC","0","A","P","","","","","","","",""
"503","ALC GEL 1 LITRO","1100","O","","150","ALC","0","A","P","","","","","","","",""
"504","BIDON 5 LITROS ALC","1100","O","","490","ALC","0","A","P","","","","","","","",""
"5000","VAINILLA + ORQUIDIA","130","9","","485","60M","0","A","P","","","","","","","",""
"EH","ESENCIA HUMI LIMON","77","6","","371","6","0","A","P","","","","","","","",""
"EH1","ESEN HUMIF NAG CHAMPA 10","77","6","","397","6","0","A","P","","","","","","","",""
"EH2","ESEN HUMI F.BLANCA 10 ML","77","6","","481","6","0","A","P","","","","","","","",""
"EH3","ESEN.HUMI. SAN PEPI 10 ML","77","6","","482","6","0","A","P","","","","","","","",""
"EH4","ESEN.HUMI.VERB, LIMO 10 M","77","6","","475","6","0","A","P","","","","","","","",""
"EH5","ESEN.HUMI.PETI INF.10 ML","77","6","","476","6","0","A","P","","","","","","","",""
"S08","SAHUM.FRUTILLA","33.5","M","","440","FC","0","A","P","","","","","","","",""
"S09","SAHUM. SANDALO","33.5","M","","448","FC","0","A","P","","","","","","","",""
"S10","SAHUME SANDALO","0","M","","500","FC","0","A","P","","","","","","","",""
"2098","ALC ETI 5 LITROS","1100","O","","4982","ALC","0","A","P","","","","","","","",""
"2097","ALC.ETI 500 ML","1100","O","","980","ALC","0","A","P","","","","","","","",""
"676","AEROSOL MARIA C","138.5","P","","361","AER","0","A","P","","","","","","","",""
"1256","MARIA CHER DIFU 100 ML","175","�","","463","�","0","A","P","","","","","","","",""
